id,city,state,country,street_address,created_at,updated_at
f3839449-8ee6-4b76-b80c-95c45571ead0,San Francisco,CA,USA,Unknown,2025-08-27T21:56:02.634Z,2025-08-27T21:56:02.634Z
dbcf380b-1725-4f79-9aef-b323efc404fc,London,England,UK,Unknown,2025-08-27T21:56:05.885Z,2025-08-27T21:56:05.885Z
3fca5bdc-eeec-4585-97b6-326db6b1f18e,Santa Clara,CA,USA,Unknown,2025-08-27T21:56:07.860Z,2025-08-27T21:56:07.860Z
da5ef193-cf54-4d6f-a3d6-43159e0e7d79,Redwood City,CA,USA,Unknown,2025-08-27T21:56:14.661Z,2025-08-27T21:56:14.661Z
7c506144-d80d-4897-bbf3-29f6e528ad11,New York,NY,USA,Unknown,2025-08-27T21:56:16.731Z,2025-08-27T21:56:16.731Z
50d66ce7-c9ba-4ecf-ba5e-eae71ffd910e,Boston,MA,USA,Unknown,2025-08-27T21:56:18.880Z,2025-08-27T21:56:18.880Z
92325b62-61fd-477b-b3b3-d76fb90aeaeb,Shefayim,Israel,Unknown,Unknown,2025-08-27T21:56:26.539Z,2025-08-27T21:56:26.539Z
fe53ac43-0b5c-4cf7-831e-0834a160c814,Hong Kong,China,Unknown,Unknown,2025-08-27T21:56:29.097Z,2025-08-27T21:56:29.097Z
1d84f7ca-50d8-4b3c-96a5-e7175478cb27,Bristol,England,UK,Unknown,2025-08-27T21:56:38.321Z,2025-08-27T21:56:38.321Z
1479be0b-ee7c-437c-918b-aaa7403ce510,Austin,TX,USA,Unknown,2025-08-27T21:56:40.880Z,2025-08-27T21:56:40.880Z
d7315aa3-e588-4cbf-83e9-2b2e7b849c4d,Palo Alto,CA,USA,Unknown,2025-08-27T21:56:51.009Z,2025-08-27T21:56:51.009Z
428a9879-9474-40ad-bc40-db72bb23bf0d,Mountain View,CA,USA,Unknown,2025-08-27T21:56:54.711Z,2025-08-27T21:56:54.711Z
bcec0f7e-5848-4ed3-b9ff-d5237b410c73,Sunnyvale,CA,USA,Unknown,2025-08-27T21:57:06.633Z,2025-08-27T21:57:06.633Z
ec9706cd-4a59-4cca-b0a3-11e2b6fb682e,Pleasanton,CA,USA,Unknown,2025-08-27T21:57:14.861Z,2025-08-27T21:57:14.861Z
be9bd55c-a552-4e6b-b1ee-40575a9b1862,Cambridge,England,UK,Unknown,2025-08-27T21:57:16.852Z,2025-08-27T21:57:16.852Z
2103cd46-43a2-4be2-931e-320ba3f1ee2a,Chicago,IL,USA,Unknown,2025-08-27T21:57:30.792Z,2025-08-27T21:57:30.792Z
6da41f6c-b9da-43d7-9e07-3d6dd5aefe22,Foster City,CA,USA,Unknown,2025-08-27T21:57:42.225Z,2025-08-27T21:57:42.225Z
